{"1":-62.543867,"2":-532.613689,"3":-1023.874926,"4":-430.169346,"5":-587.867638,"6":-573.065949,"7":-294.469103,"8":-670.985918,"9":-323.024122,"10":-954.215409,"11":-323.966701,"12":-122.554263,"13":-732.467828,"14":-578.903639,"15":-806.568783,"16":-397.350774,"17":-310.411258,"18":-933.170711,"19":-89.174735,"20":-627.108864,"21":-290.993997,"22":-677.880223,"23":-85.772219,"24":-67.178294,"25":-1030.718451,"26":-354.491455,"27":-536.846692,"28":-449.267955,"29":-999.601805,"30":-700.269475,"31":-211.089755,"32":-367.218442,"33":-266.382808,"34":-706.83555,"35":-359.650558,"36":-327.553572,"37":-875.868736,"38":-379.663537,"39":-582.308505,"40":-675.967643,"41":-279.290407,"42":-298.083497,"43":-239.910064,"44":-809.421742,"45":-321.369902,"46":-849.665982,"47":-71.769317,"48":-179.982547,"49":-496.396523,"50":-798.340822,"51":-569.749372,"52":91.303155,"53":-975.339879,"54":-454.026909,"55":-523.447174,"56":-260.729805,"57":-190.293725,"58":-743.004233,"59":-109.432115,"60":-579.257612,"61":-421.759427,"62":-167.850335,"63":-533.46825,"64":-312.491813,"65":-470.571716,"66":-568.308065,"67":-93.957853,"68":-139.784026,"69":-775.62066,"70":-471.528057,"71":-536.379712,"72":-738.512571,"73":-559.149976,"74":-364.000841,"75":-295.954463,"76":-769.747368,"77":-476.342184,"78":-375.036468,"79":-491.931451}
